cle,valeur,updated_at
tev_params_vincennes_2025-2026,"{""tarifs"": {""forfait_vincennes"": 430, ""forfait_vincennes_reduit"": 360}, ""adresse"": {""gps"": ""48.84979513209115, 2.4356331378445484"", ""nom"": ""Espace Sorano"", ""rue"": ""16 rue Charles Pathé, 94300 Vincennes"", ""metrogps"": ""48.8472201, 2.4345080"", ""transport"": ""RER A — Vincennes (pl. Pierre Sémard)""}}","2026-04-30 17:12:17.841986+00"
tev_liens_assoconnect,"{""2026-2027"": {""yoga"": ""https://le-regard-se-pose.assoconnect.com/collect/description/697805-q-yoga-avec-florencia-garcia-septembre-2026-juin-2027"", ""cours"": ""https://le-regard-se-pose.assoconnect.com/collect/description/695654-a-inscription-aux-cours-de-tango-argentin-avec-florencia-garcia-jeremy-braitbart-septembre-2026-juin-2027"", ""renouv"": ""https://le-regard-se-pose.assoconnect.com/collect/description/696013-j-renouvellement-de-carte-de-10-ou-20-cours-2026-2027""}}","2026-05-01 07:54:19.449074+00"
tev_params_yoga_2026-2027,"{""livret"": {""url_yin"": ""https://drive.google.com/file/d/1vXbWIaUAgo7gd7HofPAO8tjAVAIHm77P/view?usp=sharing"", ""url_hatha"": ""https://drive.google.com/file/d/1C0Ii40yByO4QcD5jvGT9p-UEx43DwARJ/view?usp=sharing""}, ""adresse"": {""gps"": ""48.84979513209115, 2.4356331378445484"", ""nom"": ""Espace Sorano"", ""rue"": ""16 rue Charles Pathé, 94300 Vincennes"", ""transport"": ""RER A — Vincennes (pl. Pierre Sémard)""}}","2026-05-01 08:01:43.922527+00"
tev_params_adhesions_2026-2027,"{""lrp"": {""montant"": 10}}","2026-05-01 07:47:05.890883+00"
tev_params_vincennes_2026-2027,"{""livret"": {""url_deb"": ""https://drive.google.com/file/d/1cBGVsYLT6r-Hp5bZAwfe1b8jeHWuRLLx/view?usp=sharing"", ""url_int"": ""https://drive.google.com/file/d/1tLTGgPy_nagkP_OZIoG_M2Kr-MFZ4K67/view?usp=sharing""}, ""tarifs"": {""forfait_vincennes"": 435, ""forfait_vincennes_reduit"": 365}, ""adresse"": {""gps"": ""48.84979513209115, 2.4356331378445484"", ""nom"": ""Espace Sorano"", ""rue"": ""16 rue Charles Pathé, 94300 Vincennes"", ""metrogps"": ""48.84732693163169, 2.434263541543368"", ""transport"": ""RER A — Vincennes (pl. Pierre Sémard)""}}","2026-05-01 07:55:21.202005+00"
resa_salles,"[{""nom"": ""Studio Massaro"", ""lien"": ""https://backoffice.bsport.io/m/Location%20de%20Studio%20-%20Studio%20Massaro/698/private-service/?tabSelected=5&index=5""}, {""nom"": ""Kim Kan"", ""lien"": ""https://kim-kan.vercel.app/reserver""}, {""nom"": ""La Divagante"", ""lien"": ""Tel:+33 6 85 58 17 30""}]","2026-04-25 20:38:34.749361+00"
tev_params_paris_2025-2026,"{""tarifs"": {""carte10"": 150, ""adhesion_lrp"": 5, ""forfait_paris"": 480, ""carte10_reduit"": 125, ""carte10_renouv"": 150, ""forfait_2cours"": 755, ""unitaire_paris"": 18, ""forfait_paris_reduit"": 410, ""carte10_renouv_reduit"": 125, ""forfait_2cours_reduit"": 655, ""unitaire_paris_reduit"": 15}, ""adresse"": {""gps"": ""48.85825370927561, 2.3967180912569908"", ""nom"": ""Espace Danse Studio"", ""rue"": ""24 villa Riberolle, Paris 20e"", ""transport"": ""M° Alexandre Dumas (L2)""}}","2026-04-30 17:11:07.010641+00"
tev_params_paris_2026-2027,"{""livret"": {""url_deb"": ""https://drive.google.com/file/d/1cc9b5i1jG9yFUH6CzOv_fl5ivzbtuvuC/view?usp=sharing"", ""url_int"": ""https://drive.google.com/file/d/100EdXEX3K1qhBjzdVmWe2nFKx5K6g5vB/view?usp=sharing""}, ""tarifs"": {""carte10"": 170, ""forfait_paris"": 495, ""carte10_reduit"": 150, ""carte10_renouv"": 170, ""forfait_2cours"": 760, ""unitaire_paris"": 20, ""forfait_paris_reduit"": 425, ""carte10_renouv_reduit"": 150, ""forfait_2cours_reduit"": 660, ""unitaire_paris_reduit"": 17}, ""adresse"": {""gps"": ""48.85825370927561, 2.3967180912569908"", ""nom"": ""Espace Danse Studio"", ""rue"": ""24 villa Riberolle, Paris 20e"", ""transport"": ""M° Alexandre Dumas (L2)""}}","2026-05-01 07:49:34.663879+00"
tev_params_whatsapp_2025-2026,"{""liens"": {""vinc-deb"": {""qr"": ""https://drive.google.com/file/d/1edHpjQfAqwHAzUGGgStrIuqMSDP-9vts/view?usp=sharing"", ""lien"": ""https://chat.whatsapp.com/BTPqHlFxaD94vAg46AsARF?mode=gi_t""}, ""vinc-int"": {""qr"": ""https://drive.google.com/file/d/1JszMZDK1HkcHOOZshXh4XQ67-K_i6lpM/view?usp=sharing"", ""lien"": ""https://chat.whatsapp.com/G9x2UhUOXeLKrCGS4Bxctr?mode=gi_t""}, ""paris-deb"": {""qr"": ""https://drive.google.com/file/d/1hkVjvFmhAckQy5oNXV8FNnQgyfSnoTkn/view?usp=sharing"", ""lien"": ""https://chat.whatsapp.com/BoHTl6ZSaML1da4qS0qcRk?mode=gi_t""}, ""paris-int"": {""qr"": ""https://drive.google.com/file/d/1nHK1h9hJFsinoJMalSMbf1e0rVsNOEa-/view?usp=sharing"", ""lien"": ""https://chat.whatsapp.com/DJp6m4VvcMm1s8Ks8eoz6H?mode=gi_t""}}}","2026-05-01 08:13:07.74549+00"
tev_params_whatsapp_2026-2027,"{""liens"": {""vinc-deb"": {""qr"": ""https://drive.google.com/file/d/1edHpjQfAqwHAzUGGgStrIuqMSDP-9vts/view?usp=sharing"", ""lien"": ""https://chat.whatsapp.com/BTPqHlFxaD94vAg46AsARF?mode=gi_t""}, ""vinc-int"": {""qr"": ""https://drive.google.com/file/d/1JszMZDK1HkcHOOZshXh4XQ67-K_i6lpM/view?usp=sharing"", ""lien"": ""https://chat.whatsapp.com/G9x2UhUOXeLKrCGS4Bxctr?mode=gi_t""}, ""paris-deb"": {""qr"": ""https://drive.google.com/file/d/1hkVjvFmhAckQy5oNXV8FNnQgyfSnoTkn/view?usp=sharing"", ""lien"": ""https://chat.whatsapp.com/BoHTl6ZSaML1da4qS0qcRk?mode=gi_t""}, ""paris-int"": {""qr"": ""https://drive.google.com/file/d/1nHK1h9hJFsinoJMalSMbf1e0rVsNOEa-/view?usp=sharing"", ""lien"": ""https://chat.whatsapp.com/DJp6m4VvcMm1s8Ks8eoz6H?mode=gi_t""}}}","2026-05-01 08:14:39.33695+00"
tev_params_stages_2026-2027,"{""adresse"": {""gps"": ""48.86694117410115, 2.3978491685305543"", ""nom"": ""Centre Kim Kan"", ""rue"": ""64 rue Orfila, Paris 20e"", ""transport"": ""M° Gambetta (L3)""}, ""horaires"": {""s1_deb"": ""15h30"", ""s1_fin"": ""17h"", ""s2_deb"": ""17h"", ""s2_fin"": ""18h30"", ""s3_deb"": ""12h"", ""s3_fin"": ""13h30"", ""s4_deb"": ""10h30"", ""s4_fin"": ""12h"", ""tech_deb"": ""14h30"", ""tech_fin"": ""15h30""}}","2026-05-04 08:06:31.272741+00"
tev_resa_salles,"[{""nom"": ""Studio Massaro"", ""lien"": ""https://backoffice.bsport.io/m/Location%20de%20Studio%20-%20Studio%20Massaro/698/private-service/?tabSelected=5&index=5""}, {""nom"": ""Kim Kan"", ""lien"": ""https://kim-kan.vercel.app/reserver""}, {""nom"": ""La Divagante"", ""lien"": ""Tel:+33 6 85 58 17 30""}]","2026-05-04 09:48:36.133382+00"
tev_params_stages_2025-2026,"{""adresse"": {""gps"": ""48.86694117410115, 2.3978491685305543"", ""nom"": ""Centre Kim Kan"", ""rue"": ""64 rue Orfila, Paris 20e"", ""metrogps"": ""48.8650855, 2.3985051"", ""transport"": ""M° Gambetta (L3)""}}","2026-05-04 13:29:31.745517+00"
tev_params_yoga_2025-2026,"{""adresse"": {""gps"": ""48.84979513209115, 2.4356331378445484"", ""nom"": ""Espace Sorano"", ""rue"": ""16 rue Charles Pathé, 94300 Vincennes"", ""metrogps"": ""48.8472201, 2.4345080"", ""transport"": ""RER A — Vincennes (pl. Pierre Sémard)""}}","2026-05-04 13:27:48.237295+00"
tev_dates_stages_2025-2026,"{""saison"": ""2025-2026"", ""stages"": [{""date"": ""2026-04-11"", ""label"": ""Sam. 11 Avr 2026"", ""themes"": [""Milonga"", ""Lapiz & Enrosque""], ""nStages"": 2, ""technique"": true}, {""nom"": ""Stage Essai App"", ""date"": ""2026-05-16"", ""label"": ""Sam. 16 Mai 2026"", ""tarifs"": {""stage_1"": 250, ""stage_2"": 450, ""stage_3"": 650, ""stage_4"": 850, ""stage_2_tech"": 600, ""stage_3_tech"": 750, ""stage_4_tech"": 950, ""stage_technique"": 200}, ""themes"": [""Gancho"", ""Boleo"", ""Giro"", ""Sacada""], ""adresse"": {""gps"": ""48.8616,2.3328"", ""nom"": ""Centre Kikou"", ""rue"": ""64 rue foule, Paris 20e"", ""transport"": ""M° essai (L3)""}, ""nStages"": 4, ""horaires"": {""s1_deb"": ""15h"", ""s1_fin"": ""16h30"", ""s2_deb"": ""16h30"", ""s2_fin"": ""18h15"", ""s3_deb"": ""11h30"", ""s3_fin"": ""13h15"", ""s4_deb"": ""10h15"", ""s4_fin"": ""11h30"", ""tech_deb"": ""14h15"", ""tech_fin"": ""15h""}, ""technique"": true}, {""date"": ""2026-05-30"", ""label"": ""Sam. 30 Mai 2026"", ""themes"": ["""", """"], ""nStages"": 2, ""technique"": true}, {""date"": ""2026-06-20"", ""label"": ""Sam. 20 Juin 2026"", ""themes"": ["""", """"], ""nStages"": 2, ""technique"": true}], ""modifie"": ""2026-05-05""}","2026-05-04 09:41:28.676697+00"
tev_milongas_2025-2026,"{""modifie"": ""2026-05-04"", ""milongas"": [{""id"": ""dolce-vita"", ""nom"": ""LA DOLCE VITA"", ""lieu"": {""gps"": ""48.83894517744268, 2.3913407796525115"", ""nom"": ""Centre Re-Corps"", ""rue"": ""16A boulevard de Reuilly, Paris 12e"", ""metroGps"": ""48.839139367831855, 2.3896885388330062"", ""transport"": ""M° Dugommier (L6)""}, ""color"": ""#ff8c00"", ""dates"": [{""date"": ""2025-09-21"", ""label"": ""Dim. 21 Sep 2025""}, {""date"": ""2025-10-05"", ""label"": ""Dim. 5 Oct 2025""}, {""date"": ""2025-10-26"", ""label"": ""Dim. 26 Oct 2025""}, {""date"": ""2025-11-02"", ""label"": ""Dim. 2 Nov 2025""}, {""date"": ""2025-11-23"", ""label"": ""Dim. 23 Nov 2025""}, {""date"": ""2025-12-07"", ""label"": ""Dim. 7 Déc 2025""}, {""date"": ""2025-12-21"", ""label"": ""Dim. 21 Déc 2025""}, {""date"": ""2026-01-04"", ""label"": ""Dim. 4 Jan 2026""}, {""date"": ""2026-01-25"", ""label"": ""Dim. 25 Jan 2026""}, {""date"": ""2026-02-08"", ""label"": ""Dim. 8 Fév 2026""}, {""date"": ""2026-02-15"", ""label"": ""Dim. 15 Fév 2026""}, {""date"": ""2026-03-08"", ""label"": ""Dim. 8 Mar 2026""}, {""date"": ""2026-03-29"", ""label"": ""Dim. 29 Mar 2026""}, {""date"": ""2026-04-05"", ""label"": ""Dim. 5 Avr 2026""}, {""date"": ""2026-04-12"", ""label"": ""Dim. 12 Avr 2026""}, {""date"": ""2026-05-03"", ""label"": ""Dim. 3 Mai 2026""}, {""date"": ""2026-05-24"", ""label"": ""Dim. 24 Mai 2026""}, {""date"": ""2026-06-07"", ""label"": ""Dim. 7 Jui 2026""}], ""horaire_fin"": ""23h30"", ""horaire_debut"": ""17h30""}, {""id"": ""colectivo"", ""nom"": ""LE COLECTIVO"", ""lieu"": {""gps"": ""48.87317,2.39197"", ""nom"": ""Studio des Rigoles"", ""rue"": ""46 rue des Rigoles, Paris 20e"", ""metroGps"": ""48.8752064699818, 2.3896207915447705"", ""transport"": ""M° Jourdain (L11)""}, ""color"": ""#f472b6"", ""dates"": [{""date"": ""2026-05-02"", ""label"": ""Sam. 2 Mai 2026""}], ""horaire_fin"": ""2h"", ""horaire_debut"": ""20h30""}]}","2026-05-01 08:05:01.199895+00"
tev_dates_stages_2026-2027,"{""saison"": ""2026-2027"", ""stages"": [{""date"": ""2026-09-19"", ""label"": ""Sam. 19 Sep 2026"", ""themes"": [""À venir"", ""À venir""], ""nStages"": 2, ""technique"": true}, {""date"": ""2026-10-03"", ""label"": ""Sam. 3 Oct 2026"", ""themes"": [""À venir"", ""À venir""], ""nStages"": 2, ""technique"": true}, {""date"": ""2026-11-07"", ""label"": ""Sam. 7 Nov 2026"", ""themes"": [""À venir"", ""À venir""], ""nStages"": 2, ""technique"": true}, {""date"": ""2026-12-05"", ""label"": ""Sam. 5 Déc 2026"", ""themes"": [""À venir"", ""À venir""], ""nStages"": 2, ""technique"": true}, {""date"": ""2027-01-30"", ""label"": ""Sam. 30 Jan 2027"", ""themes"": [""À venir"", ""À venir""], ""nStages"": 2, ""technique"": true}, {""date"": ""2027-02-27"", ""label"": ""Sam. 27 Fév 2027"", ""themes"": [""À venir"", ""À venir""], ""nStages"": 2, ""technique"": true}, {""date"": ""2027-03-13"", ""label"": ""Sam. 13 Mar 2027"", ""themes"": [""À venir"", ""À venir""], ""nStages"": 2, ""technique"": true}, {""date"": ""2027-04-24"", ""label"": ""Sam. 24 Avr 2027"", ""themes"": [""À venir"", ""À venir""], ""nStages"": 2, ""technique"": true}, {""date"": ""2027-05-22"", ""label"": ""Sam. 22 Mai 2027"", ""themes"": [""À venir"", ""À venir""], ""nStages"": 2, ""technique"": true}, {""date"": ""2027-06-19"", ""label"": ""Sam. 19 Juin 2027"", ""themes"": [""À venir"", ""À venir""], ""nStages"": 2, ""technique"": true}], ""modifie"": ""2026-05-05""}","2026-05-04 13:34:00.024534+00"
tev_milongas_2026-2027,"{""modifie"": ""2026-05-04"", ""milongas"": [{""id"": ""dolce-vita"", ""nom"": ""LA DOLCE VITA"", ""lieu"": {""gps"": ""48.83894517744268, 2.3913407796525115"", ""nom"": ""Centre Re-Corps"", ""rue"": ""16A boulevard de Reuilly, Paris 12e"", ""metroGps"": ""48.839139367831855, 2.3896885388330062"", ""transport"": ""M° Dugommier (L6)""}, ""color"": ""#ff8c00"", ""dates"": [{""date"": ""2026-09-13"", ""label"": ""Dim. 13 Sep 2026""}, {""date"": ""2026-09-27"", ""label"": ""Dim. 27 Sep 2026""}, {""date"": ""2026-10-04"", ""label"": ""Dim. 4 Oct 2026""}, {""date"": ""2026-10-25"", ""label"": ""Dim. 25 Oct 2026""}, {""date"": ""2026-11-08"", ""label"": ""Dim. 8 Nov 2026""}, {""date"": ""2026-11-22"", ""label"": ""Dim. 22 Nov 2026""}, {""date"": ""2026-12-06"", ""label"": ""Dim. 6 Déc 2026""}, {""date"": ""2026-12-20"", ""label"": ""Dim. 20 Déc 2026""}, {""date"": ""2027-01-10"", ""label"": ""Dim. 10 Jan 2027""}, {""date"": ""2027-01-24"", ""label"": ""Dim. 24 Jan 2027""}, {""date"": ""2027-02-07"", ""label"": ""Dim. 7 Fév 2027""}, {""date"": ""2027-02-28"", ""label"": ""Dim. 28 Fév 2027""}, {""date"": ""2027-03-14"", ""label"": ""Dim. 14 Mar 2027""}, {""date"": ""2027-03-28"", ""label"": ""Dim. 28 Mar 2027""}, {""date"": ""2027-04-11"", ""label"": ""Dim. 11 Avr 2027""}, {""date"": ""2027-04-25"", ""label"": ""Dim. 25 Avr 2027""}, {""date"": ""2027-05-16"", ""label"": ""Dim. 16 Mai 2027""}, {""date"": ""2027-05-30"", ""label"": ""Dim. 30 Mai 2027""}, {""date"": ""2027-06-13"", ""label"": ""Dim. 13 Jui 2027""}], ""horaire_fin"": ""23h30"", ""horaire_debut"": ""17h30""}, {""id"": ""colectivo"", ""nom"": ""LE COLECTIVO"", ""lieu"": {""gps"": ""48.87317,2.39197"", ""nom"": ""Studio des Rigoles"", ""rue"": ""46 rue des Rigoles, Paris 20e"", ""transport"": ""M° Jourdain (L11)""}, ""color"": ""#f472b6"", ""dates"": [{""date"": ""2026-09-27"", ""label"": ""Dim. 27 Sep 2026""}, {""date"": ""2026-10-24"", ""label"": ""Sam. 24 Oct 2026""}, {""date"": ""2026-11-21"", ""label"": ""Sam. 21 Nov 2026""}, {""date"": ""2026-12-26"", ""label"": ""Sam. 26 Déc 2026""}, {""date"": ""2027-02-20"", ""label"": ""Sam. 20 Fév 2027""}, {""date"": ""2027-03-20"", ""label"": ""Sam. 20 Mar 2027""}, {""date"": ""2027-04-24"", ""label"": ""Sam. 24 Avr 2027""}], ""horaire_fin"": ""2h"", ""horaire_debut"": ""20h30""}]}","2026-05-01 08:04:21.283317+00"